Moy,2023-10-12_1697044715777.jpg,Sticky Rice,12/10/2023,Create
Moy,2023-10-12_1697045005289.PNG,Travis Scott,12/10/2023,Create
Moy,Youngohm.gif,Youngohm,12/10/2023,Create
Moy,2023-10-12_1697045470730.gif,Concert,12/10/2023,Create
Moy,2023-10-12_1697045678169.gif,Fishing,12/10/2023,Create
prariyavit,2023-10-12_1697044715777.jpg,Sticky Rice,12/10/2023,Join
Moy,2023-10-12_1697048144159.jpg,Scuba diving,12/10/2023,Create
Moy,2023-10-12_1697049111241.gif,GOT7 World Tour,12/10/2023,Create
mammos,2023-10-12_1697048144159.jpg,Scuba diving,12/10/2023,Join
KIRBY888,2023-10-12_1697044715777.jpg,Sticky Rice,12/10/2023,Join
KIRBY888,2023-10-12_1697048144159.jpg,Scuba diving,12/10/2023,Join
mammos,2023-10-12_1697044715777.jpg,Sticky Rice,12/10/2023,Join
mammos,2023-10-12_1697045678169.gif,Fishing,12/10/2023,Join
